연도,월, 총인구수(명) ,세대수(개),세대당 인구(명),남자 인구수(명),여자 인구수(명),남여 비율(남/여),"65세 이상
고령화비율(%)",전력사용량(kWh),산업체 수(개),"산업체 규모(개)
100인 이상 사업장",산업단지면적(㎡),"가계소득
연간 주민1인당 자체수입액(천원)","학력수준
연간 고등학교 졸업(명)",연간 인건비(천원),연간 평균 수입대비 인건비(%),"취업률(명)
고용보험자수","취약계층(개)
장애인포함가구", 평균 기온(°C) ,월합강수량(mm),"습도
평균상대습도(%)","일조량
합계 일조시간(hr)","지중온도
평균지면온도(°C)","풍량
평균풍속(m/s)","기압
평균현지기압(hPa)"
2001,1,,,,,,,,,,,,523,,"142,037,982",51.88,,,-2.2,61.2,68,145.3,-1.4,1.9,"1,015.00"
2001,2,,,,,,,,,,,,523,,"142,037,982",51.88,,,0.9,70,64,157.3,1.3,1.7,"1,015.60"
2001,3,,,,,,,,,,,,523,,"142,037,982",51.88,,,5.9,16,54,209.7,6.5,2.5,"1,007.40"
2001,4,,,,,,,,,,,,523,,"142,037,982",51.88,,,13.7,20.4,51,250.4,16.1,2.7,"1,007.60"
2001,5,,,,,,,,,,,,523,,"142,037,982",51.88,,,19.5,30.2,60,228.5,23.5,2.6,"1,002.60"
2001,6,,,,,,,,,,,,523,,"142,037,982",51.88,,,23,234.2,70,139.4,25.8,2.2,999.5
2001,7,,,,,,,,,,,,523,,"142,037,982",51.88,,,26.1,171,77,167,28.4,2,999.6
2001,8,,,,,,,,,,,,523,,"142,037,982",51.88,,,25.8,78.1,71,210,28.9,2.1,"1,001.70"
2001,9,,,,,,,,,,,,523,,"142,037,982",51.88,,,21.8,25.2,64,214.2,25.9,2.4,"1,006.20"
2001,10,,,,,,,,,,,,523,,"142,037,982",51.88,,,15.7,91.2,73,159.4,16.7,1.7,"1,010.50"
2001,11,,,,,,,,,,,,523,,"142,037,982",51.88,,,6.4,10.8,67,175,6.8,1.6,"1,013.90"
2001,12,,,,,,,,,,,"36,416,273",523,,"142,037,982",51.88,,,0,20.4,65,177.4,0.4,1.7,"1,019.10"
2002,1,,,,,,,,,,,"36,416,273",558,,"158,630,983",64.72,,,1.7,92.1,68,142.6,3,2.4,"1,012.70"
2002,2,,,,,,,,,,,"36,416,273",558,,"158,630,983",64.72,,,2.4,12,59,172.7,4.1,1.8,"1,015.70"
2002,3,,,,,,,,,,,"36,416,273",558,,"158,630,983",64.72,,,8.6,33.5,55,214.3,11.3,2.5,"1,009.20"
2002,4,,,,,,,,,,,"36,416,273",558,,"158,630,983",64.72,,,14.8,155.5,54,214.5,18.9,2.8,"1,006.90"
2002,5,,,,,,,,,,,"36,416,273",558,,"158,630,983",64.72,,,18.1,130.5,65,198.2,22.9,2.4,"1,004.00"
2002,6,,,,,,,,,,,"36,416,273",558,,"158,630,983",64.72,,,22.6,55.4,63,208.2,28.6,2.1,"1,000.00"
2002,7,,,,,,,,,,,"36,416,273",558,,"158,630,983",64.72,,,25.8,149.1,75,156.5,29.6,2.3,997.1
2002,8,,,,,,,,,,,"36,416,273",558,,"158,630,983",64.72,,,24.6,538.8,82,70.9,27.3,2.1,"1,000.30"
2002,9,,,,,,,,,,,"36,416,273",558,,"158,630,983",64.72,,,21,77,75,174.6,24.6,1.8,"1,006.60"
2002,10,,,,,,,,,,,"36,416,273",558,,"158,630,983",64.72,,,12.9,67.8,71,182.6,14.4,1.8,"1,010.10"
2002,11,,,,,,,,,,,"36,416,273",558,,"158,630,983",64.72,,,4.9,24,64,166.2,5.5,1.9,"1,013.80"
2002,12,,,,,,,,,,,"36,416,273",558,,"158,630,983",64.72,,,2.4,43,69,156.7,3.2,2,"1,017.10"
2003,1,,,,,,,,,,,"36,416,273",622,,"178,176,194",55.77,,,-1.7,11.2,66,155.7,0,2.6,"1,015.40"
2003,2,,,,,,,,,,,"36,416,273",622,,"178,176,194",55.77,,,2.9,59.2,65,141.4,4.1,2,"1,014.00"
2003,3,,,,,,,,,,,"36,416,273",622,,"178,176,194",55.77,,,6.9,44.2,62,172.9,9.2,2.2,"1,012.70"
2003,4,,,,,,,,,,,"36,416,273",622,,"178,176,194",55.77,,,13.6,217.5,62,175.7,16.3,2.6,"1,006.90"
2003,5,,,,,,,,,,,"36,416,273",622,,"178,176,194",55.77,,,19.4,119.5,64,226.2,23.5,2.7,"1,004.50"
2003,6,,,,,,,,,,,"36,416,273",622,,"178,176,194",55.77,,,22,186.4,70,150.3,25.7,2.2,998.6
2003,7,,,,,,,,,,,"36,416,273",622,,"178,176,194",55.77,,,23.4,576.3,80,102.7,25.5,2.5,999.3
2003,8,,,,,,,,,,,"36,416,273",622,,"178,176,194",55.77,,,24.4,254.9,80,98.5,26.3,2.2,"1,001.20"
2003,9,,,,,,,,,,,"36,416,273",622,,"178,176,194",55.77,,,21.6,208.5,78,121.8,23.7,1.8,"1,005.80"
2003,10,,,,,,,,,,,"36,416,273",622,,"178,176,194",55.77,,,14,21.5,66,213.8,15.2,1.7,"1,010.50"
2003,11,,,,,,,,,,,"36,416,273",622,,"178,176,194",55.77,,,10,32.6,71,123.3,9.4,1.6,"1,014.40"
2003,12,,,,,,,,,,,"36,448,024",622,,"178,176,194",55.77,,,2.3,17.1,64,156.6,1.1,1.3,"1,016.20"
2004,1,,,,,,,,"604,495,000",,,"36,448,024",686,,"197,777,185",54.35,,,-0.5,10.9,63,178.5,-1.2,1.1,"1,015.70"
2004,2,,,,,,,,"613,531,000",,,"36,448,024",686,,"197,777,185",54.35,,,3.6,30.6,56,192.6,2.7,1.6,"1,011.80"
2004,3,,,,,,,,"578,599,000",,,"36,448,024",686,,"197,777,185",54.35,,,7,83.2,50,221.7,7,1.4,"1,011.80"
2004,4,,,,,,,,"561,901,000",,,"36,448,024",686,,"197,777,185",54.35,,,13.9,73.1,49,236.2,16,2.2,"1,005.70"
2004,5,,,,,,,,"529,982,000",,,"36,448,024",686,,"197,777,185",54.35,,,18.6,109,65,188.8,21.3,1.9,"1,001.80"
2004,6,,,,,,,,"550,925,000",,,"36,448,024",686,,"197,777,185",54.35,,,23.5,383.5,63,189.8,27.5,1.9,"1,001.80"
2004,7,,,,,,,,"579,268,000",,,"36,448,024",686,,"197,777,185",54.35,,,26.1,391,77,134.2,28.6,1.9,999.4
2004,8,,,,,,,,"634,908,000",,,"36,448,024",686,,"197,777,185",54.35,,,25.9,198.3,73,158.4,28.6,1.8,"1,000.10"
2004,9,,,,,,,,"565,332,000",,,"36,442,193",686,,"197,777,185",54.35,,,21.4,133.7,73,151.4,22.6,2.2,"1,006.80"
2004,10,,,,,,,,"529,266,000",,,"36,442,193",686,,"197,777,185",54.35,,,14.7,5,63,216.2,16,1.7,"1,012.60"
2004,11,,,,,,,,"556,914,000",,,"36,442,193",686,,"197,777,185",54.35,,,9.1,37.1,69,144.8,7.5,1.5,"1,014.80"
2004,12,,,,,,,,"591,152,000",,,"36,442,193",686,,"197,777,185",54.35,,,3.1,41.1,61,185.7,1.6,1.6,"1,016.50"
2005,1,,,,,,,,"647,010,000",,,"36,442,193",754,,"216,285,776",58,,,-1.4,6,57,190.8,-1.1,2.1,"1,014.50"
2005,2,,,,,,,,"614,756,000",,,"36,442,193",754,,"216,285,776",58,,,-0.9,37.5,53,155.8,0.4,2.6,"1,015.60"
2005,3,,,,,,,,"607,003,000",,,"36,442,193",754,,"216,285,776",58,,,4.7,38.8,53,236.6,6.3,2.6,"1,011.40"
2005,4,,,,,,,,"592,498,000",,,"36,442,193",754,,"216,285,776",58,,,13.6,48.5,50,225.4,16.5,2.6,"1,006.20"
2005,5,,,,,,,,"550,422,000",,,"36,442,193",754,,"216,285,776",58,,,17.3,60.5,57,232.7,22.2,2.1,"1,002.60"
2005,6,,,,,,,,"585,869,000",,,"36,442,193",754,,"216,285,776",58,,,22.7,209.6,68,171.9,26.4,1.9,998
2005,7,,,,,,,,"608,479,000",,,"36,442,193",754,,"216,285,776",58,,,25.4,463.3,76,123.4,28.7,1.8,998.6
2005,8,,,,,,,,"648,531,000",,,"36,442,193",754,,"216,285,776",58,,,25.1,499.5,78,136,27.5,1.5,"1,000.90"
2005,9,,,,,,,,"597,868,000",,,"71,670,181",754,,"216,285,776",58,,,22.1,226.4,74,131.9,24.4,2,"1,007.00"
2005,10,,,,,,,,"560,922,000",,,"71,670,181",754,,"216,285,776",58,,,14.2,30.5,72,182.3,15.4,1.4,"1,011.90"
2005,11,,,,,,,,"584,199,000",,,"71,670,181",754,,"216,285,776",58,,,8.3,20.3,60,192.3,7.2,1.5,"1,012.50"
2005,12,,,,,,,,"655,373,000",,,"71,670,181",754,,"216,285,776",58,,,-2.9,15.2,64,165.3,-2,1.5,"1,016.40"
2006,1,,,,,,,,"692,742,000",,,"71,670,181",773,,"232,053,000",65.53,,,0.3,31.2,65,149.4,-0.2,1.4,"1,016.50"
2006,2,,,,,,,,"659,312,000",,,"71,670,181",773,,"232,053,000",65.53,,,0.9,33.1,60,157.7,1.7,1.8,"1,017.30"
2006,3,,,,,,,,"623,373,000",,,"71,670,181",773,,"232,053,000",65.53,,,6.1,8.1,52,216.4,7.7,2.2,"1,008.70"
2006,4,,,,,,,,"616,093,000",,,"71,670,181",773,,"232,053,000",65.53,,,11.7,94.2,60,155.7,12.9,2.3,"1,003.30"
2006,5,,,,,,,,"578,261,000",,,"71,670,181",773,,"232,053,000",65.53,,,18.5,119.7,64,201.7,21.4,2.2,"1,004.20"
2006,6,,,,,,,,"593,971,000",,,"71,670,181",773,,"232,053,000",65.53,,,22.3,131,69,179.7,25.9,1.8,999.4
2006,7,,,,,,,,"620,063,000",,,"71,670,181",773,,"232,053,000",65.53,,,23.1,531,85,55.9,24.7,1.9,998.4
2006,8,,,,,,,,"667,860,000",,,"71,670,181",773,,"232,053,000",65.53,,,26.7,113.6,75,193.8,30.5,1.5,"1,000.50"
2006,9,,,,,,,,"641,139,000",,,"71,670,181",773,,"232,053,000",65.53,,,20,24.1,70,181.4,22.8,1.8,"1,006.70"
2006,10,,,,,,,,"549,360,000",,,"71,670,181",773,,"232,053,000",65.53,,,17.1,19.3,69,211,18.9,1.3,"1,010.70"
2006,11,,,,,,,,"603,073,000",,,"71,670,181",773,,"232,053,000",65.53,,,8.8,60,65,135.2,8.4,1.9,"1,011.80"
2006,12,,,,,,,,"660,414,000",,,"71,670,181",773,,"232,053,000",65.53,,,1.5,29.9,70,152.6,1.7,1.4,"1,018.10"
2007,1,,,,,,,,"704,127,000","26,339",367,"71,670,181",841,,"251,233,882",64.92,"201,037",,0.4,14,65,159.6,0.3,1.4,"1,017.90"
2007,2,,,,,,,,"670,869,000","26,387",359,"71,670,181",841,,"251,233,882",64.92,"202,266",,4.2,45,59,183.3,3.9,1.8,"1,012.80"
2007,3,,,,,,,,"633,532,000","27,022",368,"71,670,181",841,,"251,233,882",64.92,"203,920",,6.9,117.5,62,149.9,8.1,2.1,"1,010.00"
2007,4,,,,,,,,"639,481,000","27,427",375,"71,670,181",841,,"251,233,882",64.92,"206,456",,12,28.6,52,216.9,14.7,2.1,"1,008.00"
2007,5,,,,,,,,"599,408,000","27,286",369,"71,670,181",841,,"251,233,882",64.92,"207,097",,18.3,130.1,61,239.9,21.3,2.2,"1,000.40"
2007,6,,,,,,,,"618,267,000","27,399",367,"71,670,181",841,,"251,233,882",64.92,"209,547",,22.5,133,66,164,26.3,1.8,"1,000.60"
2007,7,,,,,,,,"646,779,000","27,990",368,"71,670,181",841,,"251,233,882",64.92,"210,909",,24.2,275.7,77,102.9,26.2,1.9,996.8
2007,8,,,,,,,,"700,043,000","28,600",369,"71,670,181",841,,"251,233,882",64.92,"211,240",,26.1,373,79,122.4,27.9,1.8,"1,001.00"
2007,9,,,,,,,,"660,212,000","27,719",362,"71,670,181",841,,"251,233,882",64.92,"212,908",,21.2,549.9,80,95.1,22.7,1.9,"1,004.40"
2007,10,,,,,,,,"609,188,000","28,611",368,"71,670,181",841,,"251,233,882",64.92,"214,231",,14.8,47.4,72,181,16.5,1.4,"1,011.50"
2007,11,,,,,,,,"642,187,000","29,515",377,"71,670,181",841,,"251,233,882",64.92,"216,185",,6.6,9.8,65,192.2,6.6,1.4,"1,015.50"
2007,12,,,,,,,,"699,055,000","29,561",381,"71,670,181",841,,"251,233,882",64.92,"215,948",,2,26.9,73,107.6,1.4,1.4,"1,014.10"
2008,1,"1,476,476","526,393",2.8,"739,943","736,533",1.0046,7.8,"749,160,000","29,795",375,"71,670,181",844,,"255,349,012",60,"213,727",,-0.9,45.3,61,145.9,-0.8,1.5,"1,017.50"
2008,2,"1,477,556","527,121",2.8,"740,471","737,085",1.0046,7.8,"731,028,000","30,218",379,"71,670,181",844,,"255,349,012",60,"216,536",,-0.8,9.1,49,211.7,-0.6,1.9,"1,016.70"
2008,3,"1,476,338","526,884",2.8,"739,542","736,796",1.0037,7.9,"693,282,000","27,815",390,"71,673,260",844,,"255,349,012",60,"217,998",,7.6,29.1,54,203.2,8.9,2,"1,010.20"
2008,4,"1,477,032","527,496",2.8,"739,831","737,201",1.0036,7.9,"655,904,000","28,379",402,"71,673,260",844,,"255,349,012",60,"219,690",,14,34.4,53,203.6,16.1,2.3,"1,007.20"
2008,5,"1,477,420","527,917",2.8,"740,031","737,389",1.0036,7.9,"617,231,000","29,007",399,"71,673,260",844,,"255,349,012",60,"221,131",,18.1,59.2,57,233.7,22.3,2.2,"1,002.30"
2008,6,"1,477,153","527,995",2.8,"739,860","737,293",1.0035,7.9,"632,100,000","29,443",402,"71,673,260",844,,"255,349,012",60,"221,624",,21.1,148.3,68,146.4,24.4,2.2,"1,001.10"
2008,7,"1,478,285","528,616",2.8,"740,328","737,957",1.0032,7.9,"692,478,000","30,259",402,"71,673,260",844,,"255,349,012",60,"221,963",,26.1,253.4,75,106.3,28,1.6,999.3
2008,8,"1,479,584","529,355",2.8,"740,944","738,640",1.0031,8,"720,108,000","29,852",392,"71,673,260",844,,"255,349,012",60,"222,258",,24.6,325.2,72,208.5,27.3,2.2,999.9
2008,9,"1,479,824","529,990",2.79,"741,074","738,750",1.0031,8,"659,874,000","29,246",396,"71,673,260",844,,"255,349,012",60,"222,330",,21.4,85.5,72,170.6,24.5,1.4,"1,005.20"
2008,10,"1,480,444","530,811",2.79,"741,362","739,082",1.0031,8,"622,172,000","30,077",404,"71,673,260",844,,"255,349,012",60,"223,445",,15.2,19.6,71,182.5,16.6,1.3,"1,010.80"
2008,11,"1,480,967","531,466",2.79,"741,662","739,305",1.0032,8,"631,530,000","31,802",397,"71,673,260",844,,"255,349,012",60,"224,043",,7.6,12.1,66,151.6,7.6,1.5,"1,013.90"
2008,12,"1,480,895","531,682",2.79,"741,611","739,284",1.0031,8.1,"682,767,000","32,211",397,"71,673,260",844,,"255,349,012",60,"224,087",,1.7,16.4,62,153.9,1.2,1.7,"1,015.20"
2009,1,"1,481,516","531,775",2.79,"741,894","739,622",1.0031,8.1,"748,468,000","31,977",395,"71,673,260",870,,"235,580,862",54.68,"222,157",,-1.7,15.4,60,167.4,-1.7,1.6,"1,016.90"
2009,2,"1,481,851","532,856",2.78,"742,102","739,749",1.0032,8.1,"713,692,000","29,342",394,"71,673,260",870,,"235,580,862",54.68,"224,138",,3.5,27.5,61,124.6,3.8,1.6,"1,012.10"
2009,3,"1,482,240","533,292",2.78,"742,313","739,927",1.0032,8.2,"672,000,000","30,213",410,"71,673,260",870,,"235,580,862",54.68,"226,910",,6.7,60.3,54,205.8,8.7,2.3,"1,011.00"
2009,4,"1,481,512","532,910",2.78,"741,790","739,722",1.0028,8.2,"661,847,000","30,407",410,"71,673,260",870,,"235,580,862",54.68,"229,371",,12.7,34.5,52,221.1,16.1,2,"1,007.50"
2009,5,"1,481,825","533,377",2.78,"741,999","739,826",1.0029,8.2,"621,334,000","30,976",422,"71,673,260",870,,"235,580,862",54.68,"230,690",,18.3,124.3,58,249.2,22.8,1.8,"1,004.50"
2009,6,"1,482,157","534,204",2.77,"742,165","739,992",1.0029,8.3,"648,232,000","32,065",434,"71,673,260",870,,"235,580,862",54.68,"237,496",,22.1,87.3,63,221.2,27.9,1.9,997.6
2009,7,"1,482,636","534,934",2.77,"742,437","740,199",1.003,8.3,"691,709,000","32,973",442,"71,673,260",870,,"235,580,862",54.68,"239,663",,22.9,429.2,76,123.8,25.9,1.8,997.8
2009,8,"1,484,172","536,058",2.77,"743,182","740,990",1.003,8.3,"716,849,000","31,755",433,"71,673,260",870,,"235,580,862",54.68,"241,295",,24.5,148.3,71,181,28.7,2.1,"1,001.30"
2009,9,"1,484,719","536,961",2.77,"743,461","741,258",1.003,8.3,"700,605,000","32,571",434,"71,673,260",870,,"235,580,862",54.68,"242,078",,21.4,46,69,197.7,25.7,1.6,"1,006.00"
2009,10,"1,485,041","537,662",2.76,"743,647","741,394",1.003,8.4,"625,679,000","31,252",405,"71,673,260",870,,"235,580,862",54.68,"244,322",,15.6,24.7,64,231.9,17.5,1.6,"1,009.00"
2009,11,"1,485,291","538,174",2.76,"743,693","741,598",1.0028,8.4,"674,390,000","31,958",411,"71,673,260",870,,"235,580,862",54.68,"244,222",,7.4,54.7,67,118,8,1.8,"1,015.40"
2009,12,"1,484,180","538,100",2.76,"743,121","741,059",1.0028,8.4,"749,938,000","31,239",395,"71,673,260",870,,"235,580,862",54.68,"238,518",,0.2,38.2,66,138.7,1.3,1.6,"1,014.60"
2010,1,"1,484,849","538,866",2.76,"743,563","741,286",1.0031,8.4,"826,373,000","31,158",394,"71,673,260",868,"20,890","299,007,845",70.68,"234,127",,-2.7,46.4,67,170,-0.7,1.5,"1,016.10"
2010,2,"1,485,820","539,689",2.75,"744,063","741,757",1.0031,8.4,"778,458,000","32,055",404,"71,673,260",868,"20,890","299,007,845",70.68,"236,853",,2.1,81.5,63,136.7,3.2,1.7,"1,013.10"
2010,3,"1,486,922","540,978",2.75,"744,624","742,298",1.0031,8.5,"716,986,000","32,766",432,"71,673,260",868,"20,890","299,007,845",70.68,"241,134",,5.3,100.1,62,127.2,6.8,2.3,"1,012.10"
2010,4,"1,487,266","541,598",2.75,"744,892","742,374",1.0034,8.5,"724,076,000","34,213",445,"71,673,260",868,"20,890","299,007,845",70.68,"244,446",,10,88.5,55,182.5,12.9,2.3,"1,010.10"
2010,5,"1,487,985","542,177",2.74,"745,192","742,793",1.0032,8.5,"664,428,000","32,460",422,"71,673,260",868,"20,890","299,007,845",70.68,"247,291",,17.8,117.6,60,219.5,20.6,2,"1,003.10"
2010,6,"1,488,152","542,390",2.74,"745,212","742,940",1.0031,8.6,"684,218,000","33,700",427,"71,673,260",868,"20,890","299,007,845",70.68,"247,810",,23.4,65.6,62,213.4,28.1,1.8,"1,001.80"
2010,7,"1,488,909","542,997",2.74,"745,598","743,311",1.0031,8.6,"748,174,000","32,192",421,"71,673,260",868,"20,890","299,007,845",70.68,"248,510",,25.7,223.1,75,130.1,28,1.8,"1,000.20"
2010,8,"1,490,147","543,836",2.74,"746,240","743,907",1.0031,8.6,"800,784,000","33,127",422,"71,673,260",868,"20,890","299,007,845",70.68,"248,950",,27.1,376.4,80,119.2,29.3,1.6,"1,002.70"
2010,9,"1,490,950","544,471",2.74,"746,663","744,287",1.0032,8.6,"770,732,000","34,050",423,"71,673,260",868,"20,890","299,007,845",70.68,"251,829",,21.9,250.5,77,152.7,24.6,1.5,"1,005.70"
2010,10,"1,502,476","554,760",2.71,"753,144","749,332",1.0051,8.7,"668,362,000","34,288",411,"71,673,260",868,"20,890","299,007,845",70.68,"253,522",,14.2,17.9,71,173,17.3,1.4,"1,011.20"
2010,11,"1,503,563","555,421",2.71,"753,569","749,994",1.0048,8.6,"705,397,000","34,942",411,"71,673,260",868,"20,890","299,007,845",70.68,"255,665",,6.9,16.4,60,197.8,8.4,1.6,"1,013.50"
2010,12,"1,503,664","555,768",2.71,"753,648","750,016",1.0048,8.7,"779,416,000","34,347",392,"71,673,260",868,"20,890","299,007,845",70.68,"252,985",,0.1,35.7,67,163.2,1.8,1.5,"1,009.70"
2011,1,"1,504,617","556,329",2.7,"754,111","750,506",1.0048,8.7,"877,248,000","32,565",383,"71,673,260",917,"21,369","349,665,283",67.2,"251,197",,-5.7,4,60,194,-2.3,1.6,"1,018.70"
2011,2,"1,506,136","557,532",2.7,"754,883","751,253",1.0048,8.7,"825,822,000","32,403",371,"71,673,260",917,"21,369","349,665,283",67.2,"277,333",,1.8,44.8,60,169.2,2.4,1.4,"1,013.60"
2011,3,"1,506,995","558,301",2.7,"755,385","751,610",1.005,8.7,"757,165,000","33,521",387,"71,576,037",917,"21,369","349,665,283",67.2,"280,567",,4.5,19,49,245.9,6.9,2.3,"1,013.50"
2011,4,"1,507,751","558,930",2.7,"755,648","752,103",1.0047,8.7,"739,750,000","34,628",383,"71,576,037",917,"21,369","349,665,283",67.2,"284,776",,11.6,71,53,214.8,14.5,2.2,"1,006.40"
2011,5,"1,509,032","560,058",2.69,"756,290","752,742",1.0047,8.8,"685,169,000","35,373",388,"71,576,037",917,"21,369","349,665,283",67.2,"286,657",,18.1,162,60,182,20.7,2.1,"1,003.30"
2011,6,"1,509,963","560,935",2.69,"756,814","753,149",1.0049,8.8,"710,217,000","36,512",392,"71,576,037",917,"21,369","349,665,283",67.2,"287,653",,22.7,391.6,66,189.8,28.3,2,999
2011,7,"1,510,468","561,419",2.69,"756,963","753,505",1.0046,8.8,"764,457,000","33,697",356,"71,576,037",917,"21,369","349,665,283",67.2,"284,645",,25.7,587.3,81,99.9,26.6,1.7,998.3
2011,8,"1,511,531","562,159",2.69,"757,313","754,218",1.0041,8.9,"816,201,000","34,928",361,"71,576,037",917,"21,369","349,665,283",67.2,"285,174",,25.8,420.3,78,99.5,26.7,1.9,"1,000.80"
2011,9,"1,512,557","563,285",2.69,"757,790","754,767",1.004,8.9,"749,635,000","35,937",367,"71,576,037",917,"21,369","349,665,283",67.2,"287,402",,21.2,91.7,70,187.3,24.2,1.5,"1,004.70"
2011,10,"1,513,877","564,638",2.68,"758,386","755,491",1.0038,8.9,"673,068,000","35,605",367,"71,576,037",917,"21,369","349,665,283",67.2,"289,762",,13.5,37,69,194.8,15.2,1.3,"1,012.40"
2011,11,"1,514,979","565,439",2.68,"758,911","756,068",1.0038,8.9,"698,819,000","36,416",371,"71,576,037",917,"21,369","349,665,283",67.2,"291,517",,11.2,103.2,67,120.3,11.1,1.7,"1,014.60"
2011,12,"1,515,603","566,324",2.68,"759,188","756,415",1.0037,9,"762,226,000","36,131",362,"71,576,037",917,"21,369","349,665,283",67.2,"289,768",,0.4,11.5,60,151.2,1,1.5,"1,019.10"
2012,1,"1,517,299","567,349",2.67,"759,905","757,394",1.0033,9,"849,569,000","34,787",356,"71,576,037",997,"20,899","378,259,971",65.37,"285,110",,-1.5,16.4,61,156.2,-0.7,1.5,"1,017.50"
2012,2,"1,518,651","569,064",2.67,"760,544","758,107",1.0032,9.1,"846,326,000","35,220",367,"71,576,037",997,"20,899","378,259,971",65.37,"287,208",,-1,2.5,52,186.1,0.7,1.7,"1,015.40"
2012,3,"1,519,490","570,007",2.67,"761,177","758,313",1.0038,9.1,"785,989,000","36,451",404,"71,576,037",997,"20,899","378,259,971",65.37,"290,322",,5.7,54.6,58,179.4,6.6,2.1,"1,011.40"
2012,4,"1,520,628","570,860",2.66,"761,742","758,886",1.0038,9.1,"745,833,000","36,221",405,"71,576,037",997,"20,899","378,259,971",65.37,"292,448",,13.2,66.2,54,210.5,14.6,2.4,"1,005.50"
2012,5,"1,521,659","571,755",2.66,"762,228","759,431",1.0037,9.2,"689,589,000","36,516",410,"71,576,037",997,"20,899","378,259,971",65.37,"294,178",,19.8,24,54,239.2,24.1,1.9,"1,003.40"
2012,6,"1,522,595","572,411",2.66,"762,685","759,910",1.0037,9.2,"711,321,000","38,269",408,"71,984,733",997,"20,899","378,259,971",65.37,"295,683",,23.8,57.8,68,228.6,28.6,2.1,999.5
2012,7,"1,522,581","572,926",2.66,"762,642","759,939",1.0036,9.2,"752,158,000","37,558",400,"71,984,733",997,"20,899","378,259,971",65.37,"295,773",,26.3,277.6,82,196.3,28.7,1.7,998.2
2012,8,"1,522,189","573,311",2.66,"762,435","759,754",1.0035,9.3,"835,728,000","38,302",396,"71,984,733",997,"20,899","378,259,971",65.37,"296,859",,27.1,463.6,81,194,29.9,2.3,"1,000.80"
2012,9,"1,522,880","573,847",2.65,"762,885","759,995",1.0038,9.3,"748,795,000","36,923",390,"73,034,588",997,"20,899","378,259,971",65.37,"299,638",,20.6,242.5,81,192.2,22.2,1.4,"1,005.80"
2012,10,"1,523,647","574,436",2.65,"763,214","760,433",1.0037,9.3,"664,620,000","38,163",398,"73,034,588",997,"20,899","378,259,971",65.37,"301,768",,14.3,81.3,74,253.1,16.5,1.3,"1,010.50"
2012,11,"1,524,566","575,014",2.65,"763,776","760,790",1.0039,9.3,"721,467,000","39,066",403,"73,034,588",997,"20,899","378,259,971",65.37,"301,614",,6,58.4,72,158.7,5.7,1.7,"1,011.40"
2012,12,"1,524,583","575,600",2.65,"763,671","760,912",1.0036,9.4,"808,709,000","39,037",402,"73,034,588",997,"20,899","378,259,971",65.37,"302,308",,-3,64.6,77,173.3,-0.2,1.4,"1,016.00"
2013,1,"1,525,888","576,298",2.65,"764,201","761,687",1.0033,9.4,"889,173,000","37,749",386,"73,034,588","1,067","20,566","396,906,103",64.08,"298,762","10,106",-2.6,46.2,74,174.9,-0.4,1.4,"1,017.80"
2013,2,"1,527,383","577,469",2.64,"764,912","762,471",1.0032,9.5,"824,259,000","38,746",390,"73,034,588","1,067","20,566","396,906,103",64.08,"299,649","10,135",0,54.2,63,168.7,1.2,1.5,"1,016.50"
2013,3,"1,527,857","578,317",2.64,"765,095","762,762",1.0031,9.5,"752,100,000","40,043",411,"70,423,588","1,067","20,566","396,906,103",64.08,"302,266","10,186",6.6,52.8,57,259.2,8.4,1.8,"1,009.60"
2013,4,"1,528,578","579,119",2.64,"765,375","763,203",1.0028,9.5,"744,219,000","38,928",409,"70,423,588","1,067","20,566","396,906,103",64.08,"304,248","10,211",10.6,86.8,62,227.7,12.9,2.1,"1,005.30"
2013,5,"1,529,085","579,989",2.64,"765,683","763,402",1.003,9.6,"706,844,000","40,123",414,"70,423,588","1,067","20,566","396,906,103",64.08,"306,490","10,226",18.8,110.4,68,264.5,21.4,1.8,"1,003.80"
2013,6,"1,529,655","580,723",2.63,"766,027","763,628",1.0031,9.6,"726,457,000","40,687",417,"70,423,280","1,067","20,566","396,906,103",64.08,"307,601","10,221",23.9,162.6,76,213.9,27.2,1.5,"1,000.10"
2013,7,"1,530,226","581,470",2.63,"766,341","763,885",1.0032,9.6,"781,617,000","41,331",412,"70,423,280","1,067","20,566","396,906,103",64.08,"307,499","10,264",26.8,218.7,85,153.1,27.9,1.9,998.2
2013,8,"1,530,908","582,064",2.63,"766,628","764,280",1.0031,9.7,"848,615,000","42,445",416,"70,423,280","1,067","20,566","396,906,103",64.08,"307,617","10,272",27.8,126.6,82,260.9,31.1,1.5,999.4
2013,9,"1,531,418","582,711",2.63,"766,838","764,580",1.003,9.7,"757,394,000","43,556",416,"70,423,280","1,067","20,566","396,906,103",64.08,"308,678","10,256",21.4,146.4,81,193.6,24.4,1.2,"1,007.20"
2013,10,"1,532,456","583,581",2.63,"767,235","765,221",1.0026,9.7,"686,707,000","41,634",406,"70,423,280","1,067","20,566","396,906,103",64.08,"311,275","10,227",15.5,19.6,78,242.2,18,1.4,"1,012.00"
2013,11,"1,533,114","584,215",2.62,"767,527","765,587",1.0025,9.8,"715,260,000","43,154",409,"70,423,280","1,067","20,566","396,906,103",64.08,"311,900","10,168",6.7,63.1,76,178.2,7.1,1.4,"1,012.30"
2013,12,"1,532,811","584,877",2.62,"767,309","765,502",1.0024,9.8,"792,494,000","42,459",402,"70,423,280","1,067","20,566","396,906,103",64.08,"310,948","10,167",1.3,32.8,76,176.2,1.3,1.4,"1,013.90"
2014,1,"1,533,497","585,415",2.62,"767,665","765,832",1.0024,9.9,"841,296,002","42,375",403,"70,423,280",963,"20,893","402,335,232",65.62,"307,822","10,177",-0.1,6.5,65,188.9,-0.5,1.2,"1,016.90"
2014,2,"1,534,335","586,973",2.61,"768,055","766,280",1.0023,9.9,"806,306,417","42,109",405,"70,423,280",963,"20,893","402,335,232",65.62,"309,931","10,194",2.7,8.5,64,147.7,3.1,1.6,"1,016.50"
2014,3,"1,534,954","587,986",2.61,"768,343","766,611",1.0023,10,"757,264,804","43,586",413,"70,423,280",963,"20,893","402,335,232",65.62,"311,101","10,207",8.3,67.2,64,220.2,9.3,1.7,"1,011.60"
2014,4,"1,535,367","588,803",2.61,"768,425","766,942",1.0019,10,"732,895,730","44,225",415,"70,418,480",963,"20,893","402,335,232",65.62,"315,963","10,214",14.3,59.4,61,225,16.9,1.7,"1,008.90"
2014,5,"1,535,415","589,333",2.61,"768,423","766,992",1.0019,10,"690,037,113","45,773",423,"70,418,480",963,"20,893","402,335,232",65.62,"319,216","10,230",19.4,49.7,62,307.8,23.3,2,"1,003.20"
2014,6,"1,535,701","590,008",2.6,"768,522","767,179",1.0018,10.1,"725,186,275","45,580",419,"70,421,480",963,"20,893","402,335,232",65.62,"318,139","10,229",22.9,143.7,77,201,26.6,1.7,998.6
2014,7,"1,536,349","590,759",2.6,"768,832","767,517",1.0017,10.1,"782,699,117","46,120",422,"70,421,650",963,"20,893","402,335,232",65.62,"317,683","10,244",25.9,177.2,83,183.1,28.9,1.6,999.6
2014,8,"1,536,286","591,457",2.6,"768,825","767,461",1.0018,10.2,"798,516,541","47,057",426,"70,421,650",963,"20,893","402,335,232",65.62,"318,945","10,269",24.2,240.9,87,126.3,26.8,1.6,"1,000.30"
2014,9,"1,535,815","591,975",2.59,"768,485","767,330",1.0015,10.2,"734,371,776","48,449",434,"70,421,651",963,"20,893","402,335,232",65.62,"318,888","10,296",21.6,118,78,206.2,24.7,1.3,"1,005.50"
2014,10,"1,535,028","592,431",2.59,"768,106","766,922",1.0015,10.2,"699,688,065","47,133",422,"70,421,651",963,"20,893","402,335,232",65.62,"322,126","10,337",14.9,169.4,76,237,16.9,1.4,"1,011.70"
2014,11,"1,534,041","592,500",2.59,"767,536","766,505",1.0013,10.3,"724,232,440","48,133",424,"70,421,651",963,"20,893","402,335,232",65.62,"323,714","10,347",8.5,40.7,77,165.4,8.5,1.2,"1,013.50"
2014,12,"1,531,809","592,508",2.59,"766,497","765,312",1.0015,10.3,"810,029,766","48,200",421,"70,421,651",963,"20,893","402,335,232",65.62,"322,247","10,288",-1.3,36.5,75,169.7,0.2,1.4,"1,016.10"
2015,1,"1,531,287","593,049",2.58,"766,194","765,093",1.0014,10.4,"875,517,360","47,585",412,"70,421,651",977,"20,434","425,965,947",68.12,"320,325","10,302",0,31.5,73,165.5,0.5,1.3,"1,016.30"
2015,2,"1,529,431","593,926",2.58,"765,210","764,221",1.0013,10.5,"815,725,211","45,797",404,"70,421,651",977,"20,434","425,965,947",68.12,"322,502","10,305",1.9,27,66,168.2,2.4,1.7,"1,014.10"
2015,3,"1,528,090","594,388",2.57,"764,495","763,595",1.0012,10.5,"761,114,759","46,182",428,"70,421,651",977,"20,434","425,965,947",68.12,"323,463","10,315",7.2,44.7,51,264.2,9.1,1.7,"1,013.20"
2015,4,"1,527,314","594,606",2.57,"764,055","763,259",1.001,10.6,"746,536,861","47,050",432,"70,421,651",977,"20,434","425,965,947",68.12,"326,527","10,349",13.3,95.2,68,179.3,14.8,1.9,"1,007.90"
2015,5,"1,526,568","594,811",2.57,"763,641","762,927",1.0009,10.6,"698,242,861","47,276",443,"70,421,651",977,"20,434","425,965,947",68.12,"328,312","10,336",19.5,28.9,60,297.3,23.1,1.6,"1,002.00"
2015,6,"1,525,656","595,216",2.56,"763,262","762,394",1.0011,10.6,"735,487,625","48,022",456,"70,421,651",977,"20,434","425,965,947",68.12,"328,890","10,347",23.4,119.8,68,220,28.1,1.5,999.1
2015,7,"1,525,195","595,692",2.56,"763,038","762,157",1.0012,10.7,"760,447,822","47,515",446,"70,421,651",977,"20,434","425,965,947",68.12,"330,721","10,507",25.4,145.6,80,188.9,28.5,1.8,999.2
2015,8,"1,524,025","596,046",2.56,"762,347","761,678",1.0009,10.7,"851,386,390","48,934",449,"70,433,623",977,"20,434","425,965,947",68.12,"331,996","10,786",26.4,51.6,76,228.5,30.6,1.5,"1,000.80"
2015,9,"1,523,338","596,471",2.55,"761,961","761,377",1.0008,10.8,"769,249,242","49,743",453,"70,433,623",977,"20,434","425,965,947",68.12,"334,226","10,995",21.7,18.5,69,241.6,25.5,1.6,"1,006.20"
2015,10,"1,522,288","596,840",2.55,"761,366","760,922",1.0006,10.8,"691,185,410","52,553",464,"70,433,623",977,"20,434","425,965,947",68.12,"337,211","11,508",15.5,94.1,71,249.2,16.4,1.4,"1,010.80"
2015,11,"1,521,142","596,962",2.55,"760,818","760,324",1.0006,10.9,"704,168,429","53,370",457,"70,433,623",977,"20,434","425,965,947",68.12,"338,240","11,566",10.1,126.1,83,74.5,10.5,1.3,"1,015.00"
2015,12,"1,518,775","597,008",2.54,"759,778","758,997",1.001,10.9,"773,675,251","54,814",466,"70,433,623",977,"20,434","425,965,947",68.12,"337,092","11,597",3.1,39.7,75,140.7,3.5,1.2,"1,017.20"
2016,1,"1,518,024","597,529",2.54,"759,361","758,663",1.0009,10.9,"846,242,021","54,108",459,"70,433,623","1,081","19,882","390,759,413",71.32,"333,676","11,596",-1.3,11.6,69,181.1,0.1,1.3,"1,016.90"
2016,2,"1,517,716","599,010",2.53,"759,269","758,447",1.0011,11,"844,537,471","55,035",448,"70,433,623","1,081","19,882","390,759,413",71.32,"334,807","11,624",1.5,45.8,62,195.5,2.2,1.7,"1,016.20"
2016,3,"1,517,118","599,751",2.53,"758,806","758,312",1.0007,11,"790,757,369","49,018",432,"70,433,623","1,081","19,882","390,759,413",71.32,"334,881","11,686",7.5,40.3,58,238.3,9.1,1.5,"1,013.40"
2016,4,"1,516,904","600,185",2.53,"758,719","758,185",1.0007,11,"738,081,054","49,813",437,"70,433,623","1,081","19,882","390,759,413",71.32,"337,785","11,740",14.8,154.9,63,219.7,16.8,1.7,"1,005.60"
2016,5,"1,516,494","600,754",2.52,"758,476","758,018",1.0006,11.1,"705,223,216","50,632",440,"70,433,623","1,081","19,882","390,759,413",71.32,"343,410","11,744",19.8,85.1,62,289.4,23.5,1.7,"1,003.90"
2016,6,"1,516,208","601,356",2.52,"758,452","757,756",1.0009,11.1,"751,191,925","51,340",443,"70,433,623","1,081","19,882","390,759,413",71.32,"343,168","11,752",23.7,62.5,72,221.9,28.8,1.6,"1,000.00"
2016,7,"1,516,291","602,065",2.52,"758,416","757,875",1.0007,11.1,"801,595,156","51,744",437,"70,433,623","1,081","19,882","390,759,413",71.32,"342,669","11,774",26.6,367.9,81,202.9,31,1.6,"1,000.20"
2016,8,"1,516,165","602,899",2.51,"758,396","757,769",1.0008,11.2,"907,681,607","51,986",436,"70,433,623","1,081","19,882","390,759,413",71.32,"343,091","11,778",27.9,57.4,72,256,33.6,1.4,998.2
2016,9,"1,516,241","603,565",2.51,"758,289","757,952",1.0004,11.2,"792,137,310","52,340",438,"70,433,623","1,081","19,882","390,759,413",71.32,"344,864","11,805",22.4,196,79,146.8,24.5,1.3,"1,005.50"
2016,10,"1,515,787","604,251",2.51,"758,013","757,774",1.0003,11.3,"696,964,902","52,615",436,"70,433,623","1,081","19,882","390,759,413",71.32,"347,334","11,842",15.7,122.6,79,149.9,17.1,1.4,"1,011.20"
2016,11,"1,515,394","605,178",2.5,"757,902","757,492",1.0005,11.3,"717,171,609","53,258",434,"70,433,623","1,081","19,882","390,759,413",71.32,"347,084","11,851",7.2,29.5,72,179.2,7.8,1.2,"1,015.10"
2016,12,"1,514,370","606,137",2.5,"757,289","757,081",1.0003,11.3,"788,049,206","53,479",427,"71,292,620","1,081","19,882","390,759,413",71.32,"346,741","11,784",2.5,54.8,71,159.4,3,1.3,"1,016.70"
2017,1,"1,514,354","607,090",2.49,"757,142","757,212",0.9999,11.4,"848,529,121","53,725",427,"71,292,620","1,210","19,278","416,428,782",72.05,"342,777","11,792",-0.4,15,67,191.4,0.6,1.5,"1,017.20"
2017,2,"1,513,877","608,763",2.49,"756,811","757,066",0.9997,11.5,"848,650,559","51,635",425,"71,292,620","1,210","19,278","416,428,782",72.05,"344,423","11,812",1.2,42,61,213.2,2.9,1.6,"1,015.20"
2017,3,"1,512,189","609,447",2.48,"755,931","756,258",0.9996,11.5,"779,386,657","52,718",431,"71,292,620","1,210","19,278","416,428,782",72.05,"345,483","11,806",6.8,11.6,54,247.6,9.5,1.6,"1,011.50"
2017,4,"1,511,396","609,963",2.48,"755,507","755,889",0.9995,11.6,"748,953,987","53,601",434,"71,292,620","1,210","19,278","416,428,782",72.05,"348,400","11,867",14.5,77.7,57,268.3,17.3,1.9,"1,005.30"
2017,5,"1,509,587","610,436",2.47,"754,432","755,155",0.999,11.7,"700,347,580","54,090",430,"70,928,564","1,210","19,278","416,428,782",72.05,"349,575","11,866",19.6,29.3,60,303,25.3,1.8,"1,004.70"
2017,6,"1,508,137","610,915",2.47,"753,814","754,323",0.9993,11.7,"741,221,190","54,800",436,"70,928,564","1,210","19,278","416,428,782",72.05,"349,258","11,838",23.3,35.3,62,276.1,29.8,1.7,"1,000.80"
2017,7,"1,507,597","611,746",2.46,"753,555","754,042",0.9994,11.8,"826,380,597","54,308",444,"70,928,564","1,210","19,278","416,428,782",72.05,"348,886","11,860",27.1,434.5,87,146,29.7,1.7,"1,000.10"
2017,8,"1,507,116","612,740",2.46,"753,326","753,790",0.9994,11.8,"895,487,725","52,906",442,"70,928,564","1,210","19,278","416,428,782",72.05,"349,298","11,904",26,293.8,83,194.6,28.9,1.5,999.9
2017,9,"1,506,741","613,372",2.46,"753,133","753,608",0.9994,11.9,"787,503,108","52,657",440,"70,928,564","1,210","19,278","416,428,782",72.05,"351,630","11,929",21.1,111.4,77,223.9,24.1,1.4,"1,005.30"
2017,10,"1,505,829","613,864",2.45,"752,671","753,158",0.9994,11.9,"680,663,080","51,800",445,"70,923,409","1,210","19,278","416,428,782",72.05,"353,555","11,950",15.4,28.3,76,191.3,17.2,1.2,"1,012.80"
2017,11,"1,504,307","614,201",2.45,"752,025","752,282",0.9997,12,"730,893,670","52,022",445,"70,923,409","1,210","19,278","416,428,782",72.05,"354,745","11,984",6.4,15.1,68,195.3,7.5,1.4,"1,015.00"
2017,12,"1,502,227","614,639",2.44,"750,969","751,258",0.9996,12,"835,786,784","53,232",448,"70,923,429","1,210","19,278","416,428,782",72.05,"353,530","11,950",-0.4,33.5,66,181.3,0.5,1.4,"1,017.70"
2018,1,"1,501,378","615,642",2.44,"750,415","750,963",0.9993,12.1,"905,301,903","52,930",435,"70,923,429","1,284","18,200","440,686,535",71.8,"350,521","12,002",-2.5,23.9,66,180.2,-0.7,1.3,"1,016.10"
2018,2,"1,499,187","616,462",2.43,"749,331","749,856",0.9993,12.1,"885,431,944","51,639",445,"70,923,429","1,284","18,200","440,686,535",71.8,"353,171","12,025",-0.4,40.5,53,203,0.9,1.6,"1,015.40"
2018,3,"1,497,572","617,219",2.43,"748,488","749,084",0.9992,12.2,"784,246,981","52,969",451,"70,923,429","1,284","18,200","440,686,535",71.8,"354,647","12,023",8.7,108.4,70,202.6,9.4,1.8,"1,012.10"
2018,4,"1,496,123","617,757",2.42,"747,775","748,348",0.9992,12.3,"752,264,410","53,631",449,"70,923,429","1,284","18,200","440,686,535",71.8,"358,309","12,053",13.9,155.3,64,234,15.1,2,"1,007.80"
2018,5,"1,495,234","618,339",2.42,"747,264","747,970",0.9991,12.3,"719,714,929","54,275",439,"70,923,429","1,284","18,200","440,686,535",71.8,"357,641","12,088",19.2,95.9,70,226.4,21.4,1.8,"1,003.70"
2018,6,"1,494,878","619,181",2.41,"747,071","747,807",0.999,12.4,"758,538,186","54,775",439,"70,923,547","1,284","18,200","440,686,535",71.8,"359,605","12,099",23.6,115.8,68,232.3,29.1,1.7,"1,000.20"
2018,7,"1,495,029","620,418",2.41,"747,070","747,959",0.9988,12.4,"824,652,565","55,181",436,"70,923,547","1,284","18,200","440,686,535",71.8,"358,587","12,132",27.9,226.9,76,254.8,32.1,1.5,"1,001.00"
2018,8,"1,494,286","621,746",2.4,"746,684","747,602",0.9988,12.5,"979,931,944","56,302",447,"70,923,547","1,284","18,200","440,686,535",71.8,"360,722","12,157",29,408.6,72,220.5,35.1,1.9,999.7
2018,9,"1,493,654","622,579",2.4,"746,335","747,319",0.9987,12.5,"816,847,894","57,310",456,"70,923,547","1,284","18,200","440,686,535",71.8,"365,750","12,188",21.2,149.4,76,196.7,23,1.6,"1,005.60"
2018,10,"1,492,589","623,363",2.39,"745,709","746,880",0.9984,12.6,"694,831,101","56,320",450,"70,923,547","1,284","18,200","440,686,535",71.8,"369,864","12,715",13,133.9,76,224.2,14.6,1.2,"1,011.10"
2018,11,"1,491,716","624,296",2.39,"745,257","746,459",0.9984,12.6,"727,019,595","56,734",445,"70,923,547","1,284","18,200","440,686,535",71.8,"373,553","13,009",8,49.8,72,177.1,8.1,0.9,"1,015.60"
2018,12,"1,489,936","624,965",2.38,"744,338","745,598",0.9983,12.7,"800,046,032","57,554",451,"70,923,547","1,284","18,200","440,686,535",71.8,"372,815","13,160",0.6,33.7,64,190.3,1.1,1.2,"1,019.30"
2019,1,"1,488,725","626,103",2.38,"743,851","744,874",0.9986,12.7,"884,589,905","53,851",448,"70,923,547","1,321","18,377","475,388,816",74.32,"369,392","13,253",0,1.7,60,207.3,-0.3,1.2,"1,018.10"
2019,2,"1,487,605","627,893",2.37,"743,135","744,470",0.9982,12.8,"814,190,286","52,952",469,"70,923,547","1,321","18,377","475,388,816",74.32,"372,089","13,310",2,46.3,60,187.2,2.7,1.3,"1,016.10"
2019,3,"1,486,647","629,084",2.36,"742,647","744,000",0.9982,12.9,"759,955,241","53,595",472,"70,923,547","1,321","18,377","475,388,816",74.32,"375,559","13,409",7.7,33.7,60,216.9,8.4,1.6,"1,009.50"
2019,4,"1,485,509","629,623",2.36,"742,095","743,414",0.9982,12.9,"753,138,163","54,887",463,"70,923,547","1,321","18,377","475,388,816",74.32,"380,254","13,548",12.9,91.6,61,202.4,15.5,1.6,"1,007.20"
2019,5,"1,484,398","630,429",2.35,"741,504","742,894",0.9981,13,"707,813,004","55,163",465,"70,923,547","1,321","18,377","475,388,816",74.32,"383,403","13,667",19.7,35.6,56,297.8,24.2,1.8,"1,004.30"
2019,6,"1,482,938","630,835",2.35,"740,834","742,104",0.9983,13.1,"732,298,184","55,482",472,"70,923,547","1,321","18,377","475,388,816",74.32,"384,009","13,714",22.6,77.9,72,228.5,27.1,1.3,999.4
2019,7,"1,481,701","631,528",2.35,"740,227","741,474",0.9983,13.1,"786,884,094","55,984",470,"70,923,547","1,321","18,377","475,388,816",74.32,"384,900","13,373",25.8,199,79,181.7,28.5,1.6,998.6
2019,8,"1,480,520","632,274",2.34,"739,595","740,925",0.9982,13.2,"898,970,365","56,622",492,"70,923,547","1,321","18,377","475,388,816",74.32,"386,343","13,423",27.2,104.3,78,230.1,29.8,1.3,999.3
2019,9,"1,479,641","633,284",2.34,"739,110","740,531",0.9981,13.3,"826,526,569","55,871",499,"70,923,547","1,321","18,377","475,388,816",74.32,"388,244","13,487",22.5,167,81,153.2,24.4,1.3,"1,006.80"
2019,10,"1,478,436","634,132",2.33,"738,400","740,036",0.9978,13.3,"728,258,793","56,839",495,"70,923,547","1,321","18,377","475,388,816",74.32,"390,268","13,571",16.2,106.1,76,206.9,17.7,1.1,"1,011.00"
2019,11,"1,476,955","634,605",2.33,"737,607","739,348",0.9976,13.4,"722,432,914","58,608",502,"70,923,547","1,321","18,377","475,388,816",74.32,"391,698","13,636",8.7,94,72,195.9,9.4,1,"1,014.60"
2019,12,"1,474,870","635,343",2.32,"736,607","738,263",0.9978,13.5,"800,641,841","59,380",501,"70,923,547","1,321","18,377","475,388,816",74.32,"390,673","13,680",2.6,27,70,166.4,2.9,1.1,"1,017.60"
2020,1,"1,474,152","636,203",2.32,"736,259","737,893",0.9978,13.6,"853,129,014","57,525",448,"70,923,603","1,449","15,928","503,805,277",69.95,"382,508","13,747",2.7,78.5,69,148,2.7,1.2,"1,015.10"
2020,2,"1,473,125","637,726",2.31,"735,791","737,334",0.9979,13.7,"830,839,189","57,230",448,"70,923,603","1,449","15,928","503,805,277",69.95,"385,785","13,845",3.6,91.2,68,184.7,4.6,1.3,"1,016.60"
2020,3,"1,471,858","638,921",2.3,"735,179","736,679",0.998,13.8,"771,329,377","57,552",469,"70,923,603","1,449","15,928","503,805,277",69.95,"385,260","13,966",8.5,24.4,56,258,10.1,1.6,"1,009.80"
2020,4,"1,471,650","640,500",2.3,"734,902","736,748",0.9975,13.9,"720,330,231","57,955",468,"70,923,624","1,449","15,928","503,805,277",69.95,"386,565","14,074",11.5,17.8,51,301.3,15.4,2,"1,009.40"
2020,5,"1,471,915","643,220",2.29,"734,940","736,975",0.9972,13.9,"685,456,898","59,024",472,"70,923,624","1,449","15,928","503,805,277",69.95,"389,165","14,193",18.8,80.4,71,239.9,22.1,1.6,"1,002.50"
2020,6,"1,471,040","644,764",2.28,"734,441","736,599",0.9971,14,"756,242,223","58,666",465,"70,923,624","1,449","15,928","503,805,277",69.95,"391,387","14,286",24.1,192.5,76,209.7,28,1.4,998.5
2020,7,"1,470,225","646,211",2.28,"734,008","736,217",0.997,14,"799,434,942","59,683",463,"70,923,624","1,449","15,928","503,805,277",69.95,"391,679","14,347",23.6,544.9,88,95.9,25.6,1.4,999
2020,8,"1,469,431","647,818",2.27,"733,547","735,884",0.9968,14.1,"851,834,056","60,344",464,"70,923,624","1,449","15,928","503,805,277",69.95,"397,104","14,404",27.5,361.6,87,176.8,29.1,1.5,"1,001.10"
2020,9,"1,469,099","649,552",2.26,"733,356","735,743",0.9968,14.2,"873,979,341","60,718",465,"70,923,624","1,449","15,928","503,805,277",69.95,"403,504","14,504",21.2,173.6,80,196.3,23.5,1.4,"1,004.20"
2020,10,"1,467,556","650,636",2.26,"732,552","735,004",0.9967,14.2,"729,617,900","61,150",467,"70,954,624","1,449","15,928","503,805,277",69.95,"408,338","14,550",14.2,3.2,70,224.1,16.8,1.3,"1,012.80"
2020,11,"1,465,893","651,488",2.25,"731,701","734,192",0.9966,14.3,"713,731,150","61,909",472,"70,954,624","1,449","15,928","503,805,277",69.95,"410,827","14,604",8.6,41.8,69,173.3,8.9,1.3,"1,017.00"
2020,12,"1,463,882","652,783",2.24,"730,699","733,183",0.9966,14.4,"819,296,428","62,835",476,"70,954,624","1,449","15,928","503,805,277",69.95,"404,056","14,657",0.5,4.1,65,186.5,0.5,1.3,"1,018.50"
2021,1,"1,463,291","654,078",2.24,"730,396","732,895",0.9966,14.5,"912,803,676","61,510",470,"70,954,624","1,496","13,906","513,176,792",70.12,"397,344","14,683",-1,23.6,67,175.5,0,1.4,"1,016.60"
2021,2,"1,462,064","655,842",2.23,"729,663","732,401",0.9963,14.6,"847,140,943","62,593",473,"70,954,624","1,496","13,906","513,176,792",70.12,"397,608","14,746",4,14.1,58,205.4,3.8,1.8,"1,013.40"
2021,3,"1,458,463","655,196",2.23,"728,075","730,388",0.9968,14.6,"771,954,921","64,758",492,"70,954,624","1,496","13,906","513,176,792",70.12,"399,068","14,899",9.6,95.2,65,208.5,9.7,1.5,"1,011.70"
2021,4,"1,457,619","656,007",2.22,"727,522","730,097",0.9965,14.7,"751,324,169","65,341",493,"70,954,624","1,496","13,906","513,176,792",70.12,"401,500","15,043",14.7,47.4,55,228.7,16.4,1.9,"1,010.30"
2021,5,"1,457,161","657,087",2.22,"727,279","729,882",0.9964,14.8,"708,973,560","67,129",499,"70,954,624","1,496","13,906","513,176,792",70.12,"403,023","15,129",17.7,134.2,72,203.1,19.8,1.6,"1,001.60"
2021,6,"1,456,107","657,781",2.21,"726,666","729,441",0.9962,14.8,"774,709,195","68,521",497,"70,958,238","1,496","13,906","513,176,792",70.12,"405,611","15,191",23.5,105.9,76,217.7,25.7,1.5,"1,000.10"
2021,7,"1,455,300","658,831",2.21,"726,281","729,019",0.9962,14.9,"862,436,988","68,820",495,"70,958,238","1,496","13,906","513,176,792",70.12,"406,543","15,212",27.8,151.8,79,232.1,30.8,1.6,"1,000.50"
2021,8,"1,454,679","659,978",2.2,"725,956","728,723",0.9962,15,"965,781,582","66,765",496,"70,958,238","1,496","13,906","513,176,792",70.12,"407,760","15,301",25.8,289.2,84,152.7,27.7,1.3,"1,001.00"
2021,9,"1,455,058","661,948",2.2,"726,142","728,916",0.9962,15,"830,846,020","66,551",502,"70,958,238","1,496","13,906","513,176,792",70.12,"410,163","15,324",22.4,161.2,81,167.5,23.9,1.8,"1,005.80"
2021,10,"1,454,228","662,615",2.19,"725,742","728,486",0.9962,15.1,"754,358,407","66,959",502,"53,197,238","1,496","13,906","513,176,792",70.12,"412,409","15,376",15.7,40.8,79,211,16.6,1.2,"1,013.50"
2021,11,"1,453,675","663,621",2.19,"725,406","728,269",0.9961,15.2,"753,811,497","68,244",501,"53,197,238","1,496","13,906","513,176,792",70.12,"413,117","15,446",8.9,41.7,76,180,8.4,1.2,"1,012.00"
2021,12,"1,452,251","664,417",2.19,"724,626","727,625",0.9959,15.2,"814,479,720","69,167",503,"53,270,030","1,496","13,906","513,176,792",70.12,"408,639","15,514",1.9,4.4,70,172.1,1.7,1.5,"1,017.10"
